partsid,ac no,ac name,parts name,acid,tname
1,8,Arabhavi,Govt. Higher Primary School North Wing Dandapur Govt. Higher Primary School Room No. 4 Naganur,8,Belgaum
2,8,Arabhavi,Govt. Higher Primary School South Wing Dandapur Govt. Higher Primary School Room No. 6 Naganur,8,Belgaum
3,8,Arabhavi,Govt. Higher Primary School New Building North Wing Rajapur    ,8,Belgaum
4,8,Arabhavi,Govt. Higher Primary School Room No. 8 Naganur,8,Belgaum
5,8,Arabhavi,Govt. Higher Primary School New Building West Side North Wing Rajapur    ,8,Belgaum
6,8,Arabhavi,Anganavadi Building No 435 Near Vetarnary Hospital Naganur,8,Belgaum
7,8,Arabhavi,Govt. Higher Primary School East Wing New Building Rajapur    ,8,Belgaum
8,8,Arabhavi,Anganavadi Building No 441 Near Vetarnary Hospital Naganur,8,Belgaum
9,8,Arabhavi,Govt. Higher Primary School Mavinmuri Tota Rajapur   ,8,Belgaum
10,8,Arabhavi,Govt. Higher Primary School East Wing Gurlapur,8,Belgaum
11,8,Arabhavi,Govt. Higher Primary School Ramapur Tota Rajapur     Govt. Higher Primary School West Wing Gurlapur,8,Belgaum
12,8,Arabhavi,Govt. Higher Primary School North Side West Wing Room No 1 Tukkanatti    ,8,Belgaum
13,8,Arabhavi,Govt. Higher Primary School South Wing Gurlapur,8,Belgaum
14,8,Arabhavi,Govt. Higher Primary School North Wing West Side Room No 2 Tukkanatti    ,8,Belgaum
15,8,Arabhavi,Govt.High School South Wing Room.No.1 Mudalgi,8,Belgaum
16,8,Arabhavi,Govt. Higher Primary School North Wing Right Side Room No 1 Tukkanatti    ,8,Belgaum
17,8,Arabhavi,Govt.High School South Wing Room.No.3 Mudalgi,8,Belgaum
18,8,Arabhavi,Govt. Higher Primary School South Wing New Room No 2 Tukkanatti    ,8,Belgaum
19,8,Arabhavi,Govt.High School Centre Wing Room.No.4 Mudalgi,8,Belgaum
20,8,Arabhavi,Govt. Higher Primary School South Wing New Room No 4 Tukkanatti    ,8,Belgaum
21,8,Arabhavi,Govt.High School North Wing Room.No.6 Mudalgi,8,Belgaum
22,8,Arabhavi,Akash Higher Primary School South Wing Room No 3 Tukkanatti    ,8,Belgaum
23,8,Arabhavi,"Govt,. Urdu Higher Primary School Rcc Building Mudalgi Akash Higher Primary School South Wing Room No 5 Tukkanatti  ",8,Belgaum
24,8,Arabhavi,"Govt,. Urdu Higher Primary School Old Building Mudalgi",8,Belgaum
25,8,Arabhavi,Gram Panchayat Office Tukkanatti   ,8,Belgaum
26,8,Arabhavi,Town Muncipal Council Guest House Building Mudalgi,8,Belgaum
27,8,Arabhavi,Community Learning Centre Tukkanatti    ,8,Belgaum
28,8,Arabhavi,Govt Kannada Girls School Room No.1 Mudalgi,8,Belgaum
29,8,Arabhavi,16 Gram Panchayat Office Old Building Naganur Govt Kannada Girls School Room No.4 Mudalgi,8,Belgaum
30,8,Arabhavi,17 Gram Panchayat Office New Building Naganur    Govt Kannada Girls School Room No.6 Mudalgi,8,Belgaum
31,8,Arabhavi,18 Govt Anganawadi Building East Wing Naganur Govt. Kannada Boys School East Wing Room No.1 Rcc Building Mudalgi,8,Belgaum
32,8,Arabhavi,Primary Agri. Produce Co­Op Bank Naganur    Govt. Kannada Boys School West Wing Room No.1 Rcc Building Mudalgi,8,Belgaum
33,8,Arabhavi,Govt. Higher Primary School Room No. 1 Naganur Govt. Higher Girls School East Wing Room No 7 Rcc Building Mudalgi,8,Belgaum
34,3,Athani,"  Nammura Govt.Higher Primary School, South Room,  Murgundi ",3,Chikkodi
35,3,Athani,"  Nammura Govt.Higher Primary School, North Room, Murgundi ",3,Chikkodi
36,3,Athani,"  Nammura Govt. Higher Primary School, North Side Room, Muragundi ",3,Chikkodi
37,3,Athani,"  Nammura Govt. Kannada Higher Primary  School, Masaraguppi ",3,Chikkodi
38,3,Athani,"  Nammura Govt. Kannada  Higher Primary School, Room No.2,  Masaraguppi ",3,Chikkodi
39,3,Athani,"  Govt. Higher Primary Kannada  School, North Room, Adahallatti ",3,Chikkodi
40,3,Athani,"  Govt. Higher  Kannada Primary  School, South Room No.1, Adahallatti ",3,Chikkodi
41,3,Athani,"  Govt. Higher  Kannada Primary  School, South Room No.2, Adahallatti ",3,Chikkodi
42,3,Athani,"  Govt. Higher  Primary Kannada  School,  South Room, Tanvshi Tot, Adahallatti ",3,Chikkodi
43,3,Athani,"  Govt.Kannada Higher Primary   School, New Building Room No. 1, Ramteerth ",3,Chikkodi
44,3,Athani,"  Govt.Kannada Higher Primary   School, New Building Room No. 4, Ramteerth ",3,Chikkodi
45,3,Athani,"  Nammura Govt.Kannada Lower  School, South Room, New Building,Siddeshwar Flower Farm,  Kottalagi ",3,Chikkodi
46,3,Athani,"  Nammura Govt.Kannada Lower  School, North Room,New Building, Siddeshwar Flower Farm, Kottalagi ",3,Chikkodi
47,3,Athani,"  Nammura Govt.Kannada Higher Primary School, East New Building, Middle Room,  Kottalagi ",3,Chikkodi
48,3,Athani,"  Nammura Govt.Kannada Higher Primary School, East New Building,Last Room,  Kottalagi ",3,Chikkodi
49,3,Athani,"  Nammura Govt.Kannada Higher Primary School,Eastern New Building, Western Room  Kottalagi ",3,Chikkodi
50,3,Athani,"  Govt. Higher Primary Kannada  School, Eastern Room,  Kakamari ",3,Chikkodi
51,3,Athani,"  Govt.Higher Primary Kannada School, Western Room,  Kakamari ",3,Chikkodi
52,3,Athani,"  Govt.Higher Primary Kannada  School, North Room, Kakamari ",3,Chikkodi
53,3,Athani,"  Govt.Higher Primary Kannada School, South Room, Kakamari ",3,Chikkodi
54,3,Athani,"  Govt.Higher Primary Kannada Boys School, Handar Khodi Tota, (Kakamari) ",3,Chikkodi
55,3,Athani,"  Govt. Higher Primary  School, Western Room, Bannur ",3,Chikkodi
56,3,Athani,"  Govt. Higher Primary School, East Room, Bannur ",3,Chikkodi
57,3,Athani,"  Govt. Higher  Primary Kannada School, Western Room, Kannal ",3,Chikkodi
58,3,Athani,"  Govt. Higher Primary Kannada School ,Eastern Room, Kannal ",3,Chikkodi
59,3,Athani,"  Govt. High School, Rom Bo.2, Kohalli ",3,Chikkodi
60,3,Athani,"  Govt. High School, Rom Bo.5, Kohalli ",3,Chikkodi
61,3,Athani,"  Nammura Govt. Higher Primary Kannada School, Room No 6, Kohalli ",3,Chikkodi
62,3,Athani,"  Govt. High School, Rom Bo.10, Kohalli ",3,Chikkodi
63,3,Athani,"  Nammura Govt. Higher Primary Kannada School, Room No 7, Kohalli ",3,Chikkodi
64,3,Athani,"  Nammura Govt. Higher Primary Kannada School, Room No 2, Kohalli ",3,Chikkodi
65,3,Athani,"  Nammura Govt. Lower Primary Kannada School, New Building Western Room, Keskar Daddi, Kohalli ",3,Chikkodi
66,3,Athani,"  Samanvaya Sampanmula Center I E R T Building Office, Telasang ",3,Chikkodi
67,3,Athani,"  Govt. Urdu Higher Primary School, Western Room, Telasang ",3,Chikkodi
68,3,Athani,"  Govt. Urdu Higher Primary School, Eastern Room, Telasang ",3,Chikkodi
69,3,Athani,"  Shree Basavaling Swamiji Pre.Primary School, Middle Room, Telasang ",3,Chikkodi
70,3,Athani,"  Govt.M.L.A. Higher Primary School, North Room No.2, Telasang ",3,Chikkodi
71,3,Athani,"  Govt.M.L.A. Higher Primary School, Middle Room, Telasang ",3,Chikkodi
72,3,Athani,"  Govt.M.L.A. Higher Primary School, South Room, Telasang ",3,Chikkodi
73,3,Athani,"  Govt. Lower Primary Kannada School, Telsang (Khilardaddi) ",3,Chikkodi
74,3,Athani,"  NammuraGovt. Kannada Higher Primary School, Madhawanand Nagar, Telsang Cross  (Telsang) ",3,Chikkodi
75,3,Athani,"  Nammura Govt.Kannada Lower Primary  School, Chavan Vasati, (Fhadatarawadi) Telsang ",3,Chikkodi
76,3,Athani,"  Nammura Govt.Kannada Higher Primary  School, Eastern Room, Adahalli ",3,Chikkodi
77,3,Athani,"  Nammura Govt.Kannada Higher Primary  School, Western Room, Adahalli ",3,Chikkodi
78,3,Athani,"  Nammura Govt.Kannada Higher Primary  School, Eastern Middle Room, Adahalli ",3,Chikkodi
79,3,Athani,"  Govt.Higher Primary Kannada School, South Room, Yakkanchi ",3,Chikkodi
80,3,Athani,"  Govt.Higher Primary Kannada School,New Building Northern  Room,Yakkanchi ",3,Chikkodi
81,3,Athani,"  Govt.Kannada Higher Primary  School, Northern Room, Yalihadalgi ",3,Chikkodi
82,3,Athani,"  Nammura Govt.Kannada Higher Primary  School, Western Room, New Building, Yalihadalgi ",3,Chikkodi
83,3,Athani,"  Govt. Marathi Higher Primary  School, South Room, Yalihadalgi ",3,Chikkodi
84,3,Athani,"  Govt. Marathi Lower Primary  School, Borade Vadi, Yalihadalgi ",3,Chikkodi
85,3,Athani,"  Shri. Appayya Swami Kannada Primary School, New Building, Aigali ",3,Chikkodi
86,3,Athani,"  Shri. Appayya Swami Kannada Primary School, Middle Room, Aigali ",3,Chikkodi
87,3,Athani,"  Shri.Appayya Swami Kannada Primary School, South Room, Aigali ",3,Chikkodi
88,3,Athani,"  Shri.Appayya Swami Kannada Primary School, North Room, Aigali ",3,Chikkodi
89,3,Athani,"  National Sports Committee Building, Aigali ",3,Chikkodi
90,3,Athani,"  Govt.Higher Primary Kannada  School,  Western Room, Aigali ",3,Chikkodi
91,3,Athani,"  Govt.Higher Primary Kannada  School,  Middle Room, Aigali ",3,Chikkodi
92,3,Athani,"  Govt. Higher Primary Kannada School, East Room, Aigali ",3,Chikkodi
93,3,Athani,"  Govt. HigherPrimary Kannada School,  East Room No.2, Aigali ",3,Chikkodi
94,3,Athani,"  Govt.  Lower Primary Kannada School, New Building, North Room, Phadatarawadi. ",3,Chikkodi
95,3,Athani,"  Govt.  Lower Primary Kannada School, New Building, South Room, Phadatarawadi. ",3,Chikkodi
96,3,Athani,"  Shri. Murughendra Shivayogi, Veerashaiva Vidhyapeeta Athani (Reg),High School North Room No.1, Athani ",3,Chikkodi
97,3,Athani,"  Shri. Murughendra Shivayogi, Veerashaiva Vidhyapeeta Athani (Reg), High School North Room No.2, Athani ",3,Chikkodi
98,3,Athani,"  Shri. Murughendra Shivayogi, Veerashaiva Vidhyapeeta Athani (Reg), South Side East Room No.5, Athani ",3,Chikkodi
99,3,Athani,"  Shri. Murughendra Shivayogi, Veerashaiva Vidhyapeeta Athani (Reg), North Room No.9, Athani ",3,Chikkodi
100,3,Athani,"  Channappa Shivarudrappa Kittur High School, North Side Western Room No.2, Athani ",3,Chikkodi
101,3,Athani,"  Channappa Shivarudrappa Kittur High School, North Side Eastern Room No.1, Athani ",3,Chikkodi
102,3,Athani,"  Nammura Govt. Kannada Higher Primary School, Lidkar Colony, Western Room No.1, Athani ",3,Chikkodi
103,3,Athani,"  Nammura Govt. Kannada Higher Primary School, Lidkar Colony, Western Room No.2, Athani ",3,Chikkodi
104,3,Athani,"  Shri. Murugharajendra Arts Degree College, North Room No.1, Athani ",3,Chikkodi
105,3,Athani,"  Shri. Murugharajendra Arts Degree College, Middle Room, Athani ",3,Chikkodi
106,3,Athani,"  Shri. Marula Shankar Devaru Kannada Medium Pre Primary and High School, East Room No.5, Athani ",3,Chikkodi
107,3,Athani,"  Shri. Marula Shankar Devaru Kannada Medium Pre Primary and High School, East Room No.6, Athani ",3,Chikkodi
108,3,Athani,"  Shri. Marula Shankar Devaru Kannada Medium  Pre Primary and High School, East Room No.9, Athani ",3,Chikkodi
109,3,Athani,"  Abdul Kalam High School. North Side Western Room No.2, Athani ",3,Chikkodi
110,3,Athani,"  Abdul Kalam High School. East  Side to North Room No.5, Athani ",3,Chikkodi
111,3,Athani,"  Channappa Shivarudrappa Kittur High School, South Side Western Room No.1, Athani ",3,Chikkodi
112,3,Athani,"  Channappa Shivarudrappa Kittur High School, South Side Eastern Room No.2, Athani ",3,Chikkodi
113,3,Athani,"  Abdul Kalam High School, Eastern Side to North Room No.6, Athani ",3,Chikkodi
114,3,Athani,"  Abdul Kalam High School, South Side to West Room No.2, Athani ",3,Chikkodi
115,3,Athani,"  Shri. Marula Shankar Devaru Kannada Medium Pre Primary and High School, Eastern Room No.13, Athani ",3,Chikkodi
116,3,Athani,"  Nammura Govt.Kannada Higher Primary School No.1, Western Room No.1, Athani ",3,Chikkodi
117,3,Athani,"  Nammura Govt.Kannada Higher Primary School No.1, Eastern Room No.1, Athani ",3,Chikkodi
118,3,Athani,"  Nammura Govt.Kannada Higher Primary School No.1, New Building Eastern Room No.1, Athani ",3,Chikkodi
119,3,Athani,"  Jadhavji Anandaji Higher Medium School, South Side Eastern Room No.1, Athani ",3,Chikkodi
120,3,Athani,"  Govt. Kannada Higher Medium School No.3, North Side Eastern Room No.1, Athani ",3,Chikkodi
121,3,Athani,"  Govt. Kannada Higher Medium School No.3, North To Eastern Room No.3, Athani ",3,Chikkodi
122,3,Athani,"  Govt. Kannada Higher Medium School No.3, Western Side North Middle Room No.2, Athani ",3,Chikkodi
123,3,Athani,"  Govt.Marathi Higher Primary Girls School, South Room No.1, Athani ",3,Chikkodi
124,3,Athani,"  Govt.Marathi Higher Primary Girls School, North Room No.1, Athani ",3,Chikkodi
125,3,Athani,"  Jadhavaji Anandaji Higher Midium School, North Side Eastern Room No.3, Athani ",3,Chikkodi
126,3,Athani,"  Jadhavaji Anandaji Higher Midium School, North Side Eastern Room No.1, Athani ",3,Chikkodi
127,3,Athani,"  Athani Vidhyavardhaka Institute Dr. Sampatakumar Shidaramappa Shivanagi Kannada Medium Primary School, South Room No.4, Athani ",3,Chikkodi
128,3,Athani,"  Athani Vidhyavardhaka Institute Dr. Sampatakumar Shidaramappa Shivanagi Kannada Medium Primary School, South Room No.2, Athani ",3,Chikkodi
129,3,Athani,"  Shri. Guru Basaveshwar Vidhya Vikas Institute (Reg) Aniketan Kannada Medium Pre Primary and High School, Western Room No.3, Athani ",3,Chikkodi
130,3,Athani,"  Shri. Guru Basaveshwar Vidhya Vikas Institute (Reg) Aniketan Kannada Medium Pre Primary and High School, Western Room No.4, Athani ",3,Chikkodi
131,3,Athani,"  Nammura Govt. Kannada Higher Primary Schoool, Eastern Room No.1, Vikampur, Athani ",3,Chikkodi
132,3,Athani,"  Nammura Govt. Kannada Higher Primary Schoool, Western Room No.1, Vikampur, Athani ",3,Chikkodi
133,3,Athani,"  Jadhavaji Education Institute Smt. Satvasheeladevi Girls High School, Eastern Room No.4, Athani ",3,Chikkodi
134,3,Athani,"  Jadhavaji Education Institute Smt. Satvasheeladevi Girls High School, Western Room No.10, Athani ",3,Chikkodi
135,3,Athani,"  Nammura Govt.Kannada Higher Primary School, South Side Eastern Room No.1, Seed Farm, Athani Rural. ",3,Chikkodi
136,3,Athani,"  Nammura Govt.Kannada Higher Primary School, Eastern Room No.2, Gundada Laxmi Farm, Athani Rural. ",3,Chikkodi
137,3,Athani,"  Nammura Govt. Kannada Higher Primary School, Middle Room, Devaradderahatti, Athani Rural. ",3,Chikkodi
138,3,Athani,"  Govt. Kannada Higher Primary School, RCC Building, Hosatti, Athani Rural ",3,Chikkodi
139,3,Athani,"  Nammura Govt. Kannada Lower Primary School, Western Room, Vadratti, Athani Rural. ",3,Chikkodi
140,3,Athani,"  Nammura Govt. Higher Primary School, Western Room, Aigali Tota, Athani Rural ",3,Chikkodi
141,3,Athani,"  Nammura Govt. Kannada Higher Primary School, Eastern Room  No.1, Kesral Tot, Athani Rural ",3,Chikkodi
142,3,Athani,"  Nammura Govt. Kannada Higher Primary School, Eastern Room No.1, Basavana gudi Tota, Athani Rural ",3,Chikkodi
143,3,Athani,"  Nammura  Govt.Kannada Lower Primary School, Western Room, Ekanatti Khodi, Athani Rural ",3,Chikkodi
144,3,Athani,"  Nammura Govt.Kannada Higher Primary School, Bhagirathi Hallada Tota, Bharamakhodi, North Room No.1,  Athani Rural ",3,Chikkodi
145,3,Athani,"  Nammura Govt. Kannada Higher Primary School, Eastern Room No.1, Motagi Tota, Athani Rural ",3,Chikkodi
146,3,Athani,"  Nammura Govt. Kannada Higher Primary School, Eastern Room No.2, Motagi Tota, Athani Rural ",3,Chikkodi
147,3,Athani,"  Nammura Govt. Kannada Higher Primary School, Western Room No.2, Motagi Tota, Athani Rural ",3,Chikkodi
148,3,Athani,"  Nammura Govt. Kannada Higher Primary School, Western Room No.3, Motagi Tota, Athani Rural ",3,Chikkodi
149,3,Athani,"  Govt.Higher Primary Kannada School, Eastern Room No.2, Chikkatti, Athani Rural ",3,Chikkodi
150,3,Athani,"  Nammura Govt. Higher Primary Kannada School, Old Building, Eastern Room No.3, Sankonatti, Athani Rural ",3,Chikkodi
151,3,Athani,"  Sankonatti Vidyalaya, Western Side South Room No.1, Sankonatti, Athani Rural ",3,Chikkodi
152,3,Athani,"  Nammura Govt. Higher Primary Kannada School, Old Building, Western Room No.2, Sankonatti, Athani Rural ",3,Chikkodi
153,3,Athani,"  Sankonatti Vidyalaya, North Room No.1, Sankonatti, Athani Rural ",3,Chikkodi
154,3,Athani,"  Sankonatti Vidyalaya, Easern Side North Room No.3, Sankonatti, Athani Rural ",3,Chikkodi
155,3,Athani,"  Nammura Govt. Higher Primary School, RCC Building, Eastern  Room No.2, Sankonatti, Athani Rural ",3,Chikkodi
156,3,Athani,"  Govt. Kannada Higher Primary School, New Building Western Room No.1, Badachi ",3,Chikkodi
157,3,Athani,"  Govt. Kannada Higher Primary School, New Building Room No.2, Badachi ",3,Chikkodi
158,3,Athani,"  Govt. Kannada Higher Primary School, Old Building South Room, Badachi ",3,Chikkodi
159,3,Athani,"  Govt. Kannada Higher Primary  School, East Room No.1, Tangadi ",3,Chikkodi
160,3,Athani,"  Govt. Kannada Higher Primary  School, Western Room No.5, Tangadi ",3,Chikkodi
161,3,Athani,"  Govt. Kannada Lower Primary School, North Room, Shinnal ",3,Chikkodi
162,3,Athani,"  Govt. Kannada Lower Primary School, South Room, Shinnal ",3,Chikkodi
163,3,Athani,"  Govt Kannada Higher Primary School,  East Room,  Katageri ",3,Chikkodi
164,3,Athani,"  Govt. Kannada Higher Primary School, West Room,  Katageri ",3,Chikkodi
165,3,Athani,"  Govt. Higher Kannada Primary School, South  Room, New Building, Katageri ",3,Chikkodi
166,3,Athani,"  Nammura Govt. Kannada Higher Primary School, North Room, Kokatanur ",3,Chikkodi
167,3,Athani,"  Nammura Govt. Kannada Higher Primary School, South Room, Kokatanur ",3,Chikkodi
168,3,Athani,"  Govt. Comp. P.U. College,  Eastern Room, Kokatanur ",3,Chikkodi
169,3,Athani,"  Govt. Comp. P.U. College,  Western Room, Kokatanur ",3,Chikkodi
170,3,Athani,"  Govt. P.U. College, (Higher Division), Southern Room , Kokatanur ",3,Chikkodi
171,3,Athani,"  Govt. P.U. College, (Higher Division), Northern Room , Kokatanur ",3,Chikkodi
172,3,Athani,"  Govt. First Grade College, South Room, Kokatanur ",3,Chikkodi
173,3,Athani,"  Govt. First Grade College, North Room, Kokatanur ",3,Chikkodi
174,3,Athani,"  Govt. Kannada Higher Primary School, Dhabadhabahatti ",3,Chikkodi
175,3,Athani,"  Govt. Kannada Higher Primary School, Burlatti (Kokatanur) ",3,Chikkodi
176,3,Athani,"  Nammura Govt. Kannada Higher Primary School, RCC Building, North Room, Khotanatti ",3,Chikkodi
177,3,Athani,"  Nammura Govt. Kannada Higher Primary School, RCC Building, South  Room, Khotanatti ",3,Chikkodi
178,3,Athani,"  Nammura Govt. Higher Primary School, Eastern Room, Desayaratti ",3,Chikkodi
179,3,Athani,"  Nammura Govt. Higher Primary School, Middle Room, Desayaratti ",3,Chikkodi
180,3,Athani,"  Nammura Govt. Higher Primary School,Western Room, Desayaratti ",3,Chikkodi
181,3,Athani,"  Govt. Kannada Higher Primary School, Yallammavadi (Kokatanur) ",3,Chikkodi
182,3,Athani,"  Govt. Kannada Higher Primary School, East Room, Suttatti (Kokatanur) ",3,Chikkodi
183,3,Athani,"  Govt. Kannada Higher Primary School, Western  Room No.1, Suttatti (Kokatanur) ",3,Chikkodi
184,3,Athani,"  Govt. Kannada Higher Primary School, Western  Room No.4, Suttatti (Kokatanur) ",3,Chikkodi
185,3,Athani,"  Nammura Govt. HigherPrimary School, East Room, Badagi ",3,Chikkodi
186,3,Athani,"  Nammura Govt. Higher Primary School, New Building Room No.1, Badagi ",3,Chikkodi
187,3,Athani,"  Nammura Govt. Higher Primary School, West Room, Badagi ",3,Chikkodi
188,3,Athani,"  Nammura Govt. Higher Primary School, East Side North Room New Building, Badagi ",3,Chikkodi
189,3,Athani,"  Nammura Govt. Higher Primary School, East Room, Aratal ",3,Chikkodi
190,3,Athani,"  Nammura Govt. Higher Primary School, West Room, Aratal ",3,Chikkodi
191,3,Athani,"  Nammura Govt. Higher Primary School, North Room, Halalli ",3,Chikkodi
192,3,Athani,"  Nammura Govt. Higher Primary School, South Room, Halalli ",3,Chikkodi
193,3,Athani,"  Govt. Higher Primary Kannada School, West Side Room No.2, Ghatanatti ",3,Chikkodi
194,3,Athani,"  Govt. Higher Primary Kannada School, North Side Room No.1, Ghatanatti ",3,Chikkodi
195,3,Athani,"  New Anganwadi Building, Nandgaon ",3,Chikkodi
196,3,Athani,"  New Anganawadi Building, North Room No.1, Nandagaon ",3,Chikkodi
197,3,Athani,"  Govt. Higher Primary Kannada School, North Side New Building, Nandagaon ",3,Chikkodi
198,3,Athani,"  Govt. Higher Primary Kannada School, Northern West Room, New Building, Nandagaon ",3,Chikkodi
199,3,Athani,"  Govt. Higher Primary Kannada School, South Side East Room, Nandagaon ",3,Chikkodi
200,3,Athani,"  Govt. Higher Primary Kannada School, South Side Room No.1, Nandagaon ",3,Chikkodi
201,3,Athani,"  Vardhaman Education Society Nandagaon, High School, South Room No.1, Nandagaon ",3,Chikkodi
202,3,Athani,"  Vardhaman Education Society Nandagaon, High School, South Room No.4, Nandagaon ",3,Chikkodi
203,3,Athani,"  Govt. Higher Primary Kannada School, East  Room,New building Kodaganur ",3,Chikkodi
204,3,Athani,"  Govt. Higher Primary Kannada School, East Side 2nd Room, Kodaganur ",3,Chikkodi
205,3,Athani,"  Nammura Govt. Kannada Higher Primary School, Noth Side East Room, Karlatti (Hulagabali) ",3,Chikkodi
206,3,Athani,"  Govt. Kannada Higher Primary School, New Building East Room, Ramavadi (Hulagabali) ",3,Chikkodi
207,3,Athani,"  Govt. Kannada Higher Primary School, Old Building Room No.1, Ramavadi (Hulagabali) ",3,Chikkodi
208,3,Athani,"  Nammura Govt. Kannada Higher Primary School, New Building East Side Room, Hulagabali. ",3,Chikkodi
209,3,Athani,"  Nammura Govt. Kannada Higher Primary School, Old Building Middle Room No.5, Hulagabali. ",3,Chikkodi
210,3,Athani,"  Nammura Govt. Kannada Higher Primary School, West Side Room, Hulagabali. ",3,Chikkodi
211,3,Athani,"  Nammura Govt.Kannada Higher Primary School,   Room No.2, Halyal ",3,Chikkodi
212,3,Athani,"  Nammura Govt.Kannada Higher Primary School, North Room, Halyal ",3,Chikkodi
213,3,Athani,"  Nammura Govt.Kannada Higher Primary School, Southern  Room No.1, Halyal ",3,Chikkodi
214,3,Athani,"  Nammura Govt.Kannada Higher Primary School, Southern Room No.2, Halyal ",3,Chikkodi
215,3,Athani,"  Nammura Govt.Kannada Higher Primary School, North  Room, Halyal ",3,Chikkodi
216,3,Athani,"  Nammura Govt. Kannada Higher Primary School,Room 1, Teerth ",3,Chikkodi
217,3,Athani,"  Nammura Govt. Kannada Higher Primary School,  Room No.2, Teerth ",3,Chikkodi
218,3,Athani,"  Govt. Kannada  Higher Primary School, Room No.1, Nadi Ingalagaon ",3,Chikkodi
219,3,Athani,"  Govt. High School,  Room No.1, Nadi Ingalagaon ",3,Chikkodi
220,3,Athani,"  Govt.Kannada Higher Primary School, Room No.4, Nadi Ingalgaon ",3,Chikkodi
221,3,Athani,"  Govt. High School,  Room No.4, Nadi Ingalgaon ",3,Chikkodi
222,3,Athani,"  Govt, Kannada Higher Primary  School, Room No1, Peral Farm, Nadi Ingalagaon ",3,Chikkodi
223,3,Athani,"  Govt. Kannada Higher Primary School, Room No. 2, Saptasagar. ",3,Chikkodi
224,3,Athani,"  Govt. Kannada Higher Primary School, Room No. 3, Saptasagar. ",3,Chikkodi
225,3,Athani,"  Govt. Kannada Higher Primary School, Room No. 5, Saptasagar. ",3,Chikkodi
226,3,Athani,"  Nammura Govt. Kannada Higher Primary School, Room No.1, Chikkud, (Saptasagar) ",3,Chikkodi
227,3,Athani,"  Govt. High School,  Room No.2, Darur ",3,Chikkodi
228,3,Athani,"  Govt. High School, Room No.8, Darur ",3,Chikkodi
229,3,Athani,"  Govt.Kannada Higher Primary School, Room No.1, Darur ",3,Chikkodi
230,3,Athani,"  Govt.Kannada Higher Primary School, Room No.2, Darur ",3,Chikkodi
231,3,Athani,"  Govt.Kannada Higher Primary School, Room No.5, Darur ",3,Chikkodi
232,3,Athani,"  Govt.Kannada Higher Primary School, Room No.6, Darur ",3,Chikkodi
233,3,Athani,"  Nammura Govt.Kannada Higher Primary School, New Building Room No.1, Awarkhod ",3,Chikkodi
234,3,Athani,"  Nammura  Govt.Kannada Higher Primary School, (Garden School) Awarkhod ",3,Chikkodi
235,3,Athani,"  Nammura Govt.High School,  (Garden School), Awarkhod ",3,Chikkodi
236,3,Athani,"  Nammura Govt.Kannada Higher Primary School, New Building, South  Room No.1, Naganur PK ",3,Chikkodi
237,3,Athani,"  Nammura Govt.Kannada Higher Primary School New Building,Western Side Middle Room No.7, Naganur PK ",3,Chikkodi
238,3,Athani,"  Govt.Higher Primary Kannada School, Eastern Room, Balwad ",3,Chikkodi
239,3,Athani,"  Govt.Higher Primary Kannada School, Western Room, Balwad ",3,Chikkodi
240,3,Athani,"  Govt.Higher Primary School, Eastern Room, Shirahatti ",3,Chikkodi
241,3,Athani,"  Govt.Higher Primary  School, New Building, Shirahatti ",3,Chikkodi
242,3,Athani,"  Govt.Higher Primary  School, New Building, Middle Room, Shirahatti ",3,Chikkodi
243,3,Athani,"  Govt. Higher Primary School, North Room,  Shirahatti ",3,Chikkodi
244,3,Athani,"  Nammura Govt. Urdu Lower Primary School,Shirahatti ",3,Chikkodi
245,3,Athani,"  Govt.Higher Primary School, Kappayyan Tot,  Shirahatti ",3,Chikkodi
246,3,Athani,"  Govt.Kannada Higher Primary School, New Building Room No. 1, Zunjarwad ",3,Chikkodi
247,3,Athani,"  Govt. Kannada Higher Primary School, New Building North Room No.2, Zhunjarwad ",3,Chikkodi
248,3,Athani,"  Govt. Kannada Higher Primary School, South Room No.1, Zhunjarwad ",3,Chikkodi
249,3,Athani,"  Govt. Kannada Higher Primary School, North Room No.3, Zhunjarwad ",3,Chikkodi
250,3,Athani,"  Nammura Govt.Kannada Higher Primary School, North  Room, Sankratti ",3,Chikkodi
251,3,Athani,"  Nammura Govt.Kannada Higher Primary School, Western Room, Sankratti ",3,Chikkodi
252,3,Athani,"  Govt. Higher Kannada Primary School, Room No.1, Khavatakopp ",3,Chikkodi
253,3,Athani,"  Govt. Higher Kannada Primary School, Room No.2, Khavatakopp ",3,Chikkodi
254,3,Athani,"  Govt. Higher Kannada Primary School, Room No.3, Khavatakopp ",3,Chikkodi
255,3,Athani,"  Govt. Higher Kannada Primary School, Room No.4, Khavatakopp ",3,Chikkodi
256,3,Athani,"  Govt.Lower Kannada Primary Boys School, New Building,  Dodawad ",3,Chikkodi
257,3,Athani,"  NammuraGovt.Kannada Higher Primary School, Western Room No.2, Radderahatti ",3,Chikkodi
258,3,Athani,"  NammuraGovt.Kannada Higher Primary School, Middle  Room No.4, Radderahatti ",3,Chikkodi
259,3,Athani,"  Nammura Govt.Kannada Higher Primary School,  Room No.6, Radderahatti ",3,Chikkodi
260,3,Athani,"  Nammura Govt.Kannada Higher Primary School,  Room No.2, New Building, Radderahatti ",3,Chikkodi
261,3,Athani,"  G N K High School, Room No.5, Satti ",3,Chikkodi
262,3,Athani,"  Nammura Govt.Kannada Higher Primary Girls School, North Room, New Building, Satti ",3,Chikkodi
263,3,Athani,"  Nammura Govt.Kannada Higher Primary Girls School, North Side Western Room, New Building, Satti ",3,Chikkodi
264,3,Athani,"  Gram Panchayat Office, Old Building, Central Library Committee, Satti ",3,Chikkodi
265,3,Athani,"  G N K High School, Room No.4, Satti ",3,Chikkodi
266,3,Athani,"  Govt.Kannada Higher Primary School, South Room No.4, Satti ",3,Chikkodi
267,3,Athani,"  Govt.High School, Room No.4, Satti ",3,Chikkodi
268,3,Athani,"  Govt.High School, Room No.2, Satti ",3,Chikkodi
269,3,Athani,"  Govt.Kannada Lower Primary  School, Gayakawad Tot, New Building, Satti ",3,Chikkodi
270,3,Athani,"  Nammura Govt. Urdu Lower Primary School, Savadi ",3,Chikkodi
271,3,Athani,"  Gram Panchayat Building, Savadi ",3,Chikkodi
272,3,Athani,"  Nammura Govt. Kannada Higher Primary School, Old Building Room No.4, Savadi ",3,Chikkodi
273,3,Athani,"  Nammura Govt. Kannada Higher Primary School, New Building, Savadi ",3,Chikkodi
274,3,Athani,"  Nammura Govt.Kannada Higher Primary School, New Building  Room No.2, Savadi ",3,Chikkodi
275,3,Athani,"  Nammura Govt. Kannada Lower Primary School,Kudachi Tota, (Seemi Gadde) Savadi ",3,Chikkodi
276,3,Athani,"  Nammura Govt. Kannada Lower Primary School,  Savadi Darga ",3,Chikkodi
277,3,Athani,"  Govt.Kannada Higher Primary School, Room No.6, Shegunshi ",3,Chikkodi
278,3,Athani,"  Govt.Kannada Higher Primary School, Room No.1, Shegunshi ",3,Chikkodi
279,3,Athani,"  Govt.Kannada Higher Primary School, Room No.5, Shegunshi ",3,Chikkodi
280,3,Athani,"  Govt.Kannada Higher Primary School,New Building, Room No.7, Shegunshi ",3,Chikkodi
281,3,Athani,"  Govt.Kannada Higher Primary School, New Building (Kudanhalla) Shegunshi ",3,Chikkodi
282,3,Athani,"  Nammura Govt.Kannada Higher Primary School,North Room No.2, Nandeshwar ",3,Chikkodi
283,3,Athani,"  Nammura Govt.Kannada Higher Primary School,South Room No.5, Nandeshwar ",3,Chikkodi
284,3,Athani,"  Nammura Govt.Kannada Higher Primary School, New Building Eastern Room, Nandeshwar ",3,Chikkodi
285,3,Athani,"  Nammura Govt.Kannada Higher Primary School, New Building Middle Room, Nandeshwar ",3,Chikkodi
286,3,Athani,"  Govt.Kannada Higher Primary School, Eastern South Room No.1, Janawad ",3,Chikkodi
287,3,Athani,"  Govt.Kannada Higher Primary School, Middle Room No.3, Janawad ",3,Chikkodi
288,3,Athani,"  Nammura Govt.Urdu Higher Primary School, Northern Room, Janawad ",3,Chikkodi
289,3,Athani,"  Nammura Govt.Urdu Higher Primary School, Southern Room, Janawad ",3,Chikkodi
290,3,Athani,"  Nammura Govt.Kannada Higher Primary School, Room No.1, Mahishwadagi ",3,Chikkodi
291,3,Athani,"  Nammura Govt.Kannada Higher Primary School, Room No.2, Mahishwadagi ",3,Chikkodi
292,3,Athani,"  Nammura Govt.Kannada Higher Primary School, Room No.3, Mahishwadagi ",3,Chikkodi
293,3,Athani,"  Nammura Govt.Kannada Higher Primary School, Room No.4, Mahishwadagi ",3,Chikkodi
294,16,Bailhongal,"  Govt Lower Primary Kannada School, Kutaranatti  ",16,Belgaum
295,16,Bailhongal,"  Govt Higher Primary Kannada School, New Building, East Side, Hirebudanur  ",16,Belgaum
296,16,Bailhongal,  Govt Higher Primary Kannada  School New Building North Side Hirebudanur  ,16,Belgaum
297,16,Bailhongal,  Govt. Higher Primary School Malagali  ,16,Belgaum
298,16,Bailhongal,  Govt Lower Primary Kannada School Obaladinni  ,16,Belgaum
299,16,Bailhongal,"  Govt.Higher Primary Kannada School,RCC Old Building Left Side Chachadi  ",16,Belgaum
300,16,Bailhongal,"  Govt.Higher Primary Kannada School,RCC Old Building Right Side Chachadi  ",16,Belgaum
301,16,Bailhongal,"  Govt.Higher Primary Kannada School,RCC New Building Left Side Chachadi  ",16,Belgaum
302,16,Bailhongal,"  Govt.Higher Primary Kannada School,RCC New Building Right Side Chachadi  ",16,Belgaum
303,16,Bailhongal,"  Govt.Lower Primary Kannada School,Chikkabudanur  ",16,Belgaum
304,16,Bailhongal,  Govt. Higher Primary School New Building Tadasalur  ,16,Belgaum
305,16,Bailhongal,  Gram Panchayat office Tadasalur  ,16,Belgaum
306,16,Bailhongal,  Govt. Higher Primary Kannada School New Building Halaki  ,16,Belgaum
307,16,Bailhongal,  Govt Lower Primary Kannada School Halaki Tanda  ,16,Belgaum
308,16,Bailhongal,"  Govt Lower Primary Kannada School, Hulikeri Tanda  ",16,Belgaum
309,16,Bailhongal,  Govt. Higher Primary Kannada School Ramapur  ,16,Belgaum
310,16,Bailhongal,"  Govt.Higher Primary Kannada School, Shiv Nagar (Ramapur Tande )  ",16,Belgaum
311,16,Bailhongal,  Govt.Higher Primary School Subbapur  ,16,Belgaum
312,16,Bailhongal,  Govt. Higher Primary Kannada School South Side Middle Room Harugoppa  ,16,Belgaum
313,16,Bailhongal,  Govt. Higher Primary Kannada School Old Building Right Side Harugoppa  ,16,Belgaum
314,16,Bailhongal,"  Govt Higher Primary Kannada School, RCC New Building, Left Side, Harugoppa  ",16,Belgaum
315,16,Bailhongal,"  Govt Lower Primary Kannada School, Gontamar  ",16,Belgaum
316,16,Bailhongal,  Govt. Higher Primary Kannada School Old Building Mutawad  ,16,Belgaum
317,16,Bailhongal,  Govt.Higher Primary Kannada School (New Building) Mutawad  ,16,Belgaum
318,16,Bailhongal,  Govt.Higher Primary Kannada School (Right Side) Inchal  ,16,Belgaum
319,16,Bailhongal,"  Govt Higher Primary Kannada School Left Side, Inchal  ",16,Belgaum
320,16,Bailhongal,  Govt Lower Primary Urdu School Inchal  ,16,Belgaum
321,16,Bailhongal,  Govt.Higher Primary Kannada School (Middle Side) Inchal  ,16,Belgaum
322,16,Bailhongal,  Govt.Higher Primary Kannada School (Old Building) Left Side Inchal  ,16,Belgaum
323,16,Bailhongal,  Govt.Higher Primary Kannda School Old Building Right Side Inchal  ,16,Belgaum
324,16,Bailhongal,  Govt.Higher Primary Kannada School Left Side Markumbi  ,16,Belgaum
325,16,Bailhongal,"  Govt Higher Primary Kannada School, Right Side, Marakumbi  ",16,Belgaum
326,16,Bailhongal,  Govt. Higher Primary Kannada School Hirekoppa  ,16,Belgaum
327,16,Bailhongal,"  Govt Model Kannada Primary School, New Building, East Side, Muragod  ",16,Belgaum
328,16,Bailhongal,"  Govt Model Kannada Primary School, New Building, West Side, Muragod  ",16,Belgaum
329,16,Bailhongal,  Govt.Higher Primary Urdu School South Side Muragod  ,16,Belgaum
330,16,Bailhongal,"  Govt Higher Primary Urdu School, East Side, Muragod  ",16,Belgaum
331,16,Bailhongal,  Govt. Higher Primary Kannada Schoo IERI Building Murgod  ,16,Belgaum
332,16,Bailhongal,"  Govt Model Kannada Primary School, (Old Building), Muragod  ",16,Belgaum
333,16,Bailhongal,  Panchayat Office Muragod  ,16,Belgaum
334,16,Bailhongal,"  Anaganawadi Center, Muragod  ",16,Belgaum
335,16,Bailhongal,  Shri Mahantesh Composite Pre Univercity College East Side Muragod  ,16,Belgaum
336,16,Bailhongal,  Shri Mahantesh Composite Pre Univercity College North Side Left Wing Muragod  ,16,Belgaum
337,16,Bailhongal,"  Shri Mahantesh Comp Pre University College , North Side, Right Wing, Muragod  ",16,Belgaum
338,16,Bailhongal,  Govt. Higher Primary School Rudrapur  ,16,Belgaum
339,16,Bailhongal,  Govt. Lower Primary School Girinagar (Rudrapur Tanda)  ,16,Belgaum
340,16,Bailhongal,  Govt. Lower Primary School Karimani  ,16,Belgaum
341,16,Bailhongal,"  Govt Higher Primary Kannada Boys School, Dundanakoppa  ",16,Belgaum
342,16,Bailhongal,  Govt. Higher Primary Kannada School  Right Side Chikkoppa K M  ,16,Belgaum
343,16,Bailhongal,  Govt. Higher Primary Kannada School  Left Side Chikkoppa K M  ,16,Belgaum
344,16,Bailhongal,  Govt. Higher Primary Kannada School No.2 (Near Gollar Kere) West Side Bailhongal  ,16,Belgaum
345,16,Bailhongal,  Purasabha (New Building) Bailhongal  ,16,Belgaum
346,16,Bailhongal,"  District Public Library, Bailhongal  ",16,Belgaum
347,16,Bailhongal,  Purasabha (New Building) Staff Room Bailhongal  ,16,Belgaum
348,16,Bailhongal,  Govt. Higher Primary School No.8 Basaveshwar Ashraya Nagar Left Side Bailhongal  ,16,Belgaum
349,16,Bailhongal,"  Govt. Higher Primary School No.8 Basaveshwar Ashraya Nagar, Right Side, Bailhongal  ",16,Belgaum
350,16,Bailhongal,  Rait Bhavan Bailhongal  ,16,Belgaum
351,16,Bailhongal,  Moulana Abul Kalam Azad High School Right Side Bailhongal  ,16,Belgaum
352,16,Bailhongal,"  Moulana Abul Kalam Azad High School, New Building, Bailhongal  ",16,Belgaum
353,16,Bailhongal,  Moulana Abul Kalam Azad High School Left Side Bailhongal  ,16,Belgaum
354,16,Bailhongal,  Govt. Higher Primary Urdu School No.4 Bagawan Chal Bailhongal  ,16,Belgaum
355,16,Bailhongal,  Govt. Higher Primary Kannada School No.3 Roganavar Galli Bailhongal  ,16,Belgaum
356,16,Bailhongal,"  Anaganawadi Centre, Opp Urban Bank, Bailhongal  ",16,Belgaum
357,16,Bailhongal,"  Horticulture Office, Bailhongal  ",16,Belgaum
358,16,Bailhongal,  Asst. Director of Agriculture Office Bailhongal  ,16,Belgaum
359,16,Bailhongal,  Retired Govt. Employees Building Bailhongal  ,16,Belgaum
360,16,Bailhongal,  M.L.A. Assembly Constituency Model Govt. Higher Primary School No.4Old Building Right SideBailhongal  ,16,Belgaum
361,16,Bailhongal,  M.L.A. Assembly Constituency Model Govt. Higher Primary School No.4Old Building Left Side Bailhongal  ,16,Belgaum
362,16,Bailhongal,  M.L.A. Assembly Constituency Model Govt. Higher Primary School No.4New Building Left Side Bailhongal  ,16,Belgaum
363,16,Bailhongal,  M.L.A. Assembly Constituency Model Govt. Higher Primary School No.4New Building RightSide Bailhongal  ,16,Belgaum
364,16,Bailhongal,  Block Education Officer's Office Traning Room Bailhongal  ,16,Belgaum
365,16,Bailhongal,  Block Education Officer's Staff Room Bailhongal  ,16,Belgaum
366,16,Bailhongal,"  Village Accountant Office, Bailhongal  ",16,Belgaum
367,16,Bailhongal,"  Govt Higher Primary Kannada School No.3 Moogi Galli, Bailhongal  ",16,Belgaum
368,16,Bailhongal,  N.V.V.S. DV Deshanur Kannada Medium School Right Side Bailhongal  ,16,Belgaum
369,16,Bailhongal,  N.V.V.S. DV Deshanur Kannada Medium School Left Side Bailhongal  ,16,Belgaum
370,16,Bailhongal,  Govt. Urdu Higher Primary School No.3 New Line Right Side Bailhongall  ,16,Belgaum
371,16,Bailhongal,  Govt. Urdu Higher Primary School No.3 New Lane left Side Bailhongal  ,16,Belgaum
372,16,Bailhongal,"  Govt Higher Primary Kannada School, Near Gollar Keri, Left Side , Bailhongal  ",16,Belgaum
373,16,Bailhongal,"  Govt Higher Primary Kannada School, Near Gollar Keri, Right Side , Bailhongal  ",16,Belgaum
374,16,Bailhongal,  Govt. Urdu Model School Left Side Bailhongal  ,16,Belgaum
375,16,Bailhongal,"  Govt. Urdu Model School, Right Side, Bailhongal  ",16,Belgaum
376,16,Bailhongal,  Govt. Higher Primary Kannada Boys Model School No.1 Gundlur Chawl Right Side Bailhongal  ,16,Belgaum
377,16,Bailhongal,"  Govt Higher Primary Kannada Boys Model School No.1 Gundlur Chal Left Side, Bailhongal  ",16,Belgaum
378,16,Bailhongal,  Kannada High School Rudrakshimath  Right Side  Bailhongal  ,16,Belgaum
379,16,Bailhongal,  Govt. Higher Primary Model Kannada Boys  School No.1 Gudlur Chawl  New Building Right Side Bailhongal  ,16,Belgaum
380,16,Bailhongal,  Govt. Higher Primary Model Kannada Boys School No.1 Gundlur Chal New Building  Left Side Bailhongal  ,16,Belgaum
381,16,Bailhongal,  Govt. Higher Primary Kannada School East Side Indira Nagar Bailhongal  ,16,Belgaum
382,16,Bailhongal,"  Govt Higher Primary Kannada School,South Side Right Wing, Indira Nagar, Bailhongal  ",16,Belgaum
383,16,Bailhongal,  Govt. Higher Primary Kannada School South Side Left Wing Indira Nagar Bailhongal  ,16,Belgaum
384,16,Bailhongal,  Govt. Higher Primary Kannada School West Side Indira Nagar Bailhongal  ,16,Belgaum
385,16,Bailhongal,"  Shri Maradi Basaveshwar High School Right Side, Indiranagar, Bailhongal  ",16,Belgaum
386,16,Bailhongal,"  Shri Maradi Basaveshwar High School Left Side, Indiranagar, Bailhongal  ",16,Belgaum
387,16,Bailhongal,"  Govt Urdu School, No.2 , Gondhali Galli, Bailhongal  ",16,Belgaum
388,16,Bailhongal,  Govt. Higher Primary Kannada School Right Side Bailwad  ,16,Belgaum
389,16,Bailhongal,  Govt. Higher Priamry Kannda School Left Side Bailwad  ,16,Belgaum
390,16,Bailhongal,  Govt. Higher Primary Kannada School Right Side  Chivatgundi  ,16,Belgaum
391,16,Bailhongal,"  Govt Higher Primary Kannada School Left Side, Chivatagundi  ",16,Belgaum
392,16,Bailhongal,  Govt. Higher Primary Kannada School Right Side  Sanikoppa  ,16,Belgaum
393,16,Bailhongal,"  Govt Higher Primary Kannada School Left Side, Sanikoppa  ",16,Belgaum
394,16,Bailhongal,  Govt. Higher Primary Model School  Right Wing  Devalapur  ,16,Belgaum
395,16,Bailhongal,  Govt. Higher Primary Model School Left Wing Devalapur  ,16,Belgaum
396,16,Bailhongal,  Govt. High School Right Wing Devalapur  ,16,Belgaum
397,16,Bailhongal,  Govt. High School Left Wing Devalapur  ,16,Belgaum
398,16,Bailhongal,"  Govt. Higher Primary Kannada Boys School Right Wing, Amatur  ",16,Belgaum
399,16,Bailhongal,"  Govt. Higher Primary Kannada Boys School Left Wing, Amatur  ",16,Belgaum
400,16,Bailhongal,  Govt. Higher Primary Kannada School New Building Right Side Anigol  ,16,Belgaum
401,16,Bailhongal,  Govt. Higher Primary Kannada School New Building Left Side Anigol  ,16,Belgaum
402,16,Bailhongal,  Govt High School Anigol  ,16,Belgaum
403,16,Bailhongal,"  Govt Lower Primary Kannada School, Basaveshwar Oni Hosur  ",16,Belgaum
404,16,Bailhongal,"  Govt Higher Primary Kannada Girls School, Room No.4, Hosur  ",16,Belgaum
405,16,Bailhongal,"  Govt Higher Primary Kannada Girls School ,Left Side Hosur  ",16,Belgaum
406,16,Bailhongal,  Govt Higher Primary Kannada Girls School Front Room Hosur  ,16,Belgaum
407,16,Bailhongal,"  Govt Higher Primary Kannada Girls School, Right Side, Hosur  ",16,Belgaum
408,16,Bailhongal,  Shri Nilakanteshwar Vidya Vardak Samste Kannada Higher Primary School Old Building Right Side Hosur  ,16,Belgaum
409,16,Bailhongal,  Shri Nilakanteshwar Vidya Vardak Samste Kannada Higher Primary School Old Building Left Side Hosur  ,16,Belgaum
410,16,Bailhongal,  Shri Nilakanteshwar Vidya Vardak Samste Kannada Higher Primary School New Building Room No 1 Hosur  ,16,Belgaum
411,16,Bailhongal,  Shri Nilakanteshwar Vidya Vardak Samste Kannada Higher Primary School New Building Room No 4 Hosur  ,16,Belgaum
412,16,Bailhongal,  Govt Higher Primary Kannada School Sogal  ,16,Belgaum
413,16,Bailhongal,  Govt Lower Primary Kannada Boys School Room No.1 Karlakatti  ,16,Belgaum
414,16,Bailhongal,  Govt Higher Primary Kannada School Right Wing Mallur  ,16,Belgaum
415,16,Bailhongal,  Govt Higher Primary Kannada School Left Wing Mallur  ,16,Belgaum
416,16,Bailhongal,"  Govt Lower Primary Kannada School, Kagihal Tande  ",16,Belgaum
417,16,Bailhongal,"  Govt Higher Primary Kannada School Right Side, Matolli  ",16,Belgaum
418,16,Bailhongal,"  Govt Higher Primary Kannada School Left Side, Matolli  ",16,Belgaum
419,16,Bailhongal,  Govt. Higher Primary Kannada School Ingalagi  ,16,Belgaum
420,16,Bailhongal,  Govt. Higher Primary Kannada Boys School Right Side Korikoppa  ,16,Belgaum
421,16,Bailhongal,"  Govt Higher Primary Kannada Boys School Left Side, Korikoppa  ",16,Belgaum
422,16,Bailhongal,  Govt. Higher Primary Kannada Boys School Right Side Vakkund  ,16,Belgaum
423,16,Bailhongal,  Govt.Higher Primary Kannada Boys School Left Side Vakkund  ,16,Belgaum
424,16,Bailhongal,  Govt High School Right Side Vakkund  ,16,Belgaum
425,16,Bailhongal,"  Govt High School Left Side, Vakkund  ",16,Belgaum
426,16,Bailhongal,"  Govt. Pre University College, Vakkund  ",16,Belgaum
427,16,Bailhongal,  Govt.Higher Primary Kannada Boys School Left Wing Chikkamulkur (Nayanagar)  ,16,Belgaum
428,16,Bailhongal,  Govt.Higher Primary Kannada School Bevinkoppa  ,16,Belgaum
429,16,Bailhongal,  Govt. High School Right Side Hiremulkur (Nayanagar)  ,16,Belgaum
430,16,Bailhongal,"  Govt High School Left Side, Hiremulkur (Nayanagar)  ",16,Belgaum
431,16,Bailhongal,  Govt. Higher Primary Kannada School Left Side  Sangolli  ,16,Belgaum
432,16,Bailhongal,"  Govt. Higher Primary Kannada School, Right Side Sangolli  ",16,Belgaum
433,16,Bailhongal,  Govt. Higher Primary Kannada School Middle Side  Sangolli  ,16,Belgaum
434,16,Bailhongal,  Govt. Higher Primary Kannada School Gudadur  ,16,Belgaum
435,16,Bailhongal,  Govt. Higher Primary Kannada School Left Side Holinagalapur  ,16,Belgaum
436,16,Bailhongal,"  Govt. Higher Primary Kannada School, Right Side, Holinagalapur  ",16,Belgaum
437,16,Bailhongal,  Govt. Higher Primary School Garjur  ,16,Belgaum
438,16,Bailhongal,  Govt. High School Right Side Kenganur  ,16,Belgaum
439,16,Bailhongal,"  Govt High School ,Left Side Kenganur  ",16,Belgaum
440,16,Bailhongal,  Govt. Higher Primary School Aravalli  ,16,Belgaum
441,16,Bailhongal,  Govt. Higher Primary School Jalikoppa  ,16,Belgaum
442,16,Bailhongal,  Govt. Higher Primary Kannada School Lingadalli  ,16,Belgaum
443,16,Bailhongal,  Govt. Higher Primary Kannada School Right Side Budihal  ,16,Belgaum
444,16,Bailhongal,  Govt. Higher Primary Kannada School Left Side Budihal  ,16,Belgaum
445,16,Bailhongal,"  Govt. Higher Primary Kannada School, Right Side Mugabasav  ",16,Belgaum
446,16,Bailhongal,"  Govt. Higher Primary Kannada School,Left Side, Mugabasav  ",16,Belgaum
447,16,Bailhongal,"  Govt. Higher Primary Kannada School, Yenagi  ",16,Belgaum
448,16,Bailhongal,  Govt. Higher Primary School Right Side Sutagatti  ,16,Belgaum
449,16,Bailhongal,"  Govt. Higher Primary School ,Left Side Sutagatti  ",16,Belgaum
450,16,Bailhongal,"  Govt. Higher Primary Kannada School,Right Wing Hittanagi  ",16,Belgaum
451,16,Bailhongal,  Govt. Higher Primary Kannada School Left Wing Hittanagi  ,16,Belgaum
452,16,Bailhongal,  Govt. Higher Primary Kannada Boys School  Left Side Yakkundi  ,16,Belgaum
453,16,Bailhongal,"  Govt.Higher Primary Kannada Boys School, Right Side Yakkundi  ",16,Belgaum
454,16,Bailhongal,  Govt. Higher Primary Urdu School Yakkundi  ,16,Belgaum
455,16,Bailhongal,"  Govt Lower Primary Kannada Boys School,Right Side Venkatesh Nagar (Karlakatti Tanda)  ",16,Belgaum
456,16,Bailhongal,"  Govt Lower Primary Kannada Boys School, Left Side Venkatesh Nagar(Karlakatti Tanda)  ",16,Belgaum
457,16,Bailhongal,  Govt. Higher Primary Kannada School Left Side Dupadal  ,16,Belgaum
458,16,Bailhongal,"  Govt. Higher Primary Kannda School, Right Side, Dupadal  ",16,Belgaum
459,16,Bailhongal,  Govt. Higher Primary Kannada  School Right Side Badli  ,16,Belgaum
460,16,Bailhongal,"  Govt Higher Primary Kannada School Left Side, Badli  ",16,Belgaum
461,16,Bailhongal,  Govt. Higher Primary Kannada School Katral  ,16,Belgaum
462,16,Bailhongal,  GOvt Lower Primary Kannada  School South Side New Building Aladakatti K.Y.  ,16,Belgaum
463,16,Bailhongal,  Govt. Higher Primary School  Right Side  Singarkoppa  ,16,Belgaum
464,16,Bailhongal,  Govt. Higher Primary School Left Side Singarkoppa  ,16,Belgaum
465,16,Bailhongal,"  Govt. Model Primary Kannada School Old Building Right Side, Asundi  ",16,Belgaum
466,16,Bailhongal,"  Govt. Model Primary Kannada School New Building Right Side, Asundi  ",16,Belgaum
467,16,Bailhongal,"  Govt Model Primary Kannada School, New Building, Middle Wing, Asundi  ",16,Belgaum
468,16,Bailhongal,"  Govt. Model Primary Kannada School New Building Left Side, Asundi  ",16,Belgaum
469,16,Bailhongal,"  Govt. Model Primary Kannada School Old Building Left Side, Asundi  ",16,Belgaum
470,16,Bailhongal,  Govt.Higher Primary Kannada School R.No.1 Udakeri  ,16,Belgaum
471,16,Bailhongal,  Shri Ramalingeshwar High School Right Wing Udakeri  ,16,Belgaum
472,16,Bailhongal,"  Shri Ramalingeshwar High School,Left Wing Udakeri  ",16,Belgaum
473,16,Bailhongal,"  Govt. Higher Primary Kannada Girls School ,Left Side Belavadi  ",16,Belgaum
474,16,Bailhongal,"  Govt Higher Primary Kannada Girls School New Building, Belawadi  ",16,Belgaum
475,16,Bailhongal,"  Govt. Higher Primary Kannada Girls School,Right Side Belavadi  ",16,Belgaum
476,16,Bailhongal,  Gram Panchayat Office Belavadi  ,16,Belgaum
477,16,Bailhongal,  Veer Rani Mallamma Smarak Pre University College Right Wing Belavadi  ,16,Belgaum
478,16,Bailhongal,  Veer Rani Mallamma Smarak Pre University College Left Wing Belavadi  ,16,Belgaum
479,16,Bailhongal,  Govt. Higher Primary Kannda Boys School Belawadi  ,16,Belgaum
480,16,Bailhongal,"  Govt.Higher Primary Kannda School, Left Side Pattihal KB  ",16,Belgaum
481,16,Bailhongal,  Govt. Higher Primary Kannda School Middie Side Pattihal K B  ,16,Belgaum
482,16,Bailhongal,"  Govt. Higher Primary Kannda School,Right Side Pattihal K B  ",16,Belgaum
483,16,Bailhongal,"  Govt. Higher Primary Kannda School,Old Building Siddasamudra  ",16,Belgaum
484,16,Bailhongal,  Assembly Constituency Saksharata Samiti Bailhongal Mundurike Kalika Kendra Left Side Dodwad  ,16,Belgaum
485,16,Bailhongal,  Shri Veerbhadreshwar High School Left Side  Dodwad  ,16,Belgaum
486,16,Bailhongal,  Shri Veerbhadreshwar High School Right Side Dodawad  ,16,Belgaum
487,16,Bailhongal,  Shri Veerbhadreshwar Convent Kannda Primary School Right Side Dodwad  ,16,Belgaum
488,16,Bailhongal,"  Govt Kannada Higher Primary School, Right Side, Dodawad  ",16,Belgaum
489,16,Bailhongal,"  Govt Kannada Higher Primary School, Left Side, Dodwad  ",16,Belgaum
490,16,Bailhongal,  Govt.Pre University College Dodwad  ,16,Belgaum
491,16,Bailhongal,  Govt. Higher Primary Kannada School Room No.2 New Building Karikatti  ,16,Belgaum
492,16,Bailhongal,"  Govt Higher Primary Kannada School Room No. 4 New Building, Karikatti  ",16,Belgaum
493,16,Bailhongal,"  Govt High School, Arts Education Room, Karikatti  ",16,Belgaum
494,16,Bailhongal,  02 Karikatti  ,16,Belgaum
495,16,Bailhongal,"  Govt Higher Primary Kannada School Room No. 6 New Building, Karikatti  ",16,Belgaum
496,16,Bailhongal,"  Govt Lower Primary Kannada School, Nanagundikoppa  ",16,Belgaum
497,16,Bailhongal,  Govt. Higher Primary Kannda School Right Side Gudikatti  ,16,Belgaum
498,16,Bailhongal,"  Govt Higher Primary Kannada School Left Side, Gudikatti  ",16,Belgaum
499,16,Bailhongal,  Govt. Higher Primary Kannada School New Building Govankoppa  ,16,Belgaum
500,16,Bailhongal,  Govt. Higher Primary Kannada School Old Building Right Side Govankoppa  ,16,Belgaum
501,16,Bailhongal,"  Govt. Higher Primary Kannda School, Old Building, Left Side , Govankoppa  ",16,Belgaum
502,16,Bailhongal,"  Govt Higher Primary Kannada School, Right Side Budarakatti  ",16,Belgaum
503,16,Bailhongal,"  Govt Higher Primary Kannada School, Left Side, Budarakatti  ",16,Belgaum
504,16,Bailhongal,"  Shri Nilakanteshwar Vidya Vardak Samste, High School, Budarakatti  ",16,Belgaum
505,16,Bailhongal,"  Govt Higher Primary Kannada School, Left Side, Corner Room Budarakatti  ",16,Belgaum
506,16,Bailhongal,"  Govt Higher Primary Kannada Boys School, Bidaragaddi  ",16,Belgaum
507,16,Bailhongal,  Govt. Higher Primary Kannada School Hirebellikatti  ,16,Belgaum
508,16,Bailhongal,"  Govt Higher Primary Kannada School, Right Wing, Turkarashigihalli  ",16,Belgaum
509,16,Bailhongal,"  Govt Higher Primary Kannada School, Middle Wing, Turkarashigihalli  ",16,Belgaum
510,16,Bailhongal,"  Govt Higher Primary Kannada School, Left Wing, Turkarashigihalli  ",16,Belgaum
511,16,Bailhongal,  Govt Lower Primary Kannada School Kadasagatti  ,16,Belgaum
512,16,Bailhongal,"  Govt Higher Primary Kannada School, Chikka Bellikatti  ",16,Belgaum
513,16,Bailhongal,  Govt Higher Primary Kannada School No.3 Kencharamanahal  ,16,Belgaum
514,16,Bailhongal,  Govt Higher Primary Kannada Boys School Right Side Yadalli  ,16,Belgaum
515,16,Bailhongal,"  Govt Higher Primary Kannada Boys School Left Side, Yadalli  ",16,Belgaum
516,16,Bailhongal,"  Govt Higher Primary Kannada Boys School, East Side, Sangreshkoppa  ",16,Belgaum
517,16,Bailhongal,"  Govt Higher Primary Kannada Boys School,West Side, Sangreshkoppa  ",16,Belgaum
